name,address,link
Apex Life School,"Kathmandu,  Budanilkantha,  Chabahil, Saraswatinagar",https://nepalschoolmela.com/apexlifeschool
Everest Secondary School,"Morang,  Biratnagar,  Biratnagar",https://nepalschoolmela.com/everestschool
Machhapuchchhre IB World School,"Lalitpur,  Lalitpur,  Kusunti",https://nepalschoolmela.com/machhapuchchhre
Radiant Readers’ Academy,"Lalitpur,  Lalitpur,  Sanepa",https://nepalschoolmela.com/radiant
Valley Public  School,"Kathmandu,  Kathmandu,  Sundabarsti, Budhanilkatha-9",https://nepalschoolmela.com/valleypublic
Bhanubhakta Memorial School,"Kathmandu,  Kathmandu,  Panipokhari",https://nepalschoolmela.com/bhanubhaktamemorial
Butwal Public School,"Rupandehi,  Tillotama Municipality,  Tilottama-3, Yogikuti",https://nepalschoolmela.com/butwalpublic
Global Educational Academy,"Jhapa,  Damak,",https://nepalschoolmela.com/globaleducationalacademy
Laboratory Secondary Boarding School,"Kathmandu,  Kathmandu,  Kirtipur",https://nepalschoolmela.com/laboratoryschool
Little Angels School,"Lalitpur,   Hattiban",https://nepalschoolmela.com/littleschool
LRI School,"Kathmandu,  Nagarjun,  Kalanki Sthan",https://nepalschoolmela.com/lrischool
Morgan International School,"Kathmandu,   Basundhara -3",https://nepalschoolmela.com/morganschool
Panini School,"Kathmandu,   Kageshwori Manohara-9",https://nepalschoolmela.com/paninischool
Sagarmatha Secondary School,"Siraha,   Mirchaiya",https://nepalschoolmela.com/sagarmatha
Siddhartha Vidyapeeth  Secondary School,"Bhaktapur,  Madhyapur Thimi,  Madhyapur Thimi-2,Gatthaghar",https://nepalschoolmela.com/siddhartha
Southwestern School,"Kathmandu,  Kathmandu,  Basundhara",https://nepalschoolmela.com/southwestern
Ace School,"Kathmandu,  Kathmandu,  Gairigaun",https://nepalschoolmela.com/aceschool
Alok Vidyashram,"Kathmandu,  Kathmandu,  Shahid Marg, Gyaneshwor",https://nepalschoolmela.com/alokvidyashram
Asia Pacific School,"Kathmandu,  Tokha,  Tolakha Road",https://nepalschoolmela.com/aciapacific
​Campion Academy,"Lalitpur,  Lalitpur,  lagankhel",https://nepalschoolmela.com/compionacademy
Chandikeswori English Secondary School,"Kathmandu,  Gokarneshwor Municipality,  Bhumisthali, Nayapa",https://nepalschoolmela.com/chandikesworischool
Chelsea International Academy,"Kathmandu,  Kathmandu,  New Baneshwor",https://nepalschoolmela.com/chelsaacademy
Euro School,"Kathmandu,  Kathmandu,  Ganesh Chowk Hattigaunda",https://nepalschoolmela.com/euros
Euro School Chhauni,"Kathmandu,  Kathmandu,  Kimdole-Marg, Chhauni",https://nepalschoolmela.com/EuroSchool123
GEMS School,"Lalitpur,  Lalitpur,  Dhapakhel",https://nepalschoolmela.com/gemsschool
Glacier International Secondary School,"Kathmandu,  Kathmandu,  Shantinagar",https://nepalschoolmela.com/Glacierschool
Gyan Sanskar International School,"Kathmandu,  Kathmandu,  Samakhusi Chowk",https://nepalschoolmela.com/gyansanskarschool
Herald Secondary School,"Kathmandu,   Basundhara",https://nepalschoolmela.com/herladschool
Himalaya Secondary School,"Kathmandu,  Kathmandu,  Koteshwor",https://nepalschoolmela.com/himalayaschool
Himalayan Academy,"Kathmandu,  Kathmandu,  Samakhushi-26",https://nepalschoolmela.com/himalayanacademy
IST Secondary School,"Kathmandu,  Kathmandu,  Gyaneshwor",https://nepalschoolmela.com/istschool
John Dewy Higher Secondary School,"Kathmandu,  Kathmandu,  Kapan Marg, Peepalbot, Maharjgunj",https://nepalschoolmela.com/johndewyschool
Kanjirowa National School,"Kathmandu,  Kathmandu,  Koteshwor",https://nepalschoolmela.com/kanjirowaschool
Kathmandu Valley School,"Kathmandu,  Kathmandu,  Museum Road, Chhauni",https://nepalschoolmela.com/kvc
Kautilya Global School,"Kathmandu,  Kathmandu,  Subidhanagar, Tinkune",https://nepalschoolmela.com/kautilyass
KMC SCHOOL,"Kathmandu,  Kathmandu,  Shankhamul Marg, BuddhaNagar",https://nepalschoolmela.com/kmcshool
Learning Heaven and Research School,"Pyuthan,   Pundyakhola",https://nepalschoolmela.com/learningheaven
Manakamana Secondary School,"Kathmandu,  Kathmandu,  Gokarneshwor-7",https://nepalschoolmela.com/manakamana
New Millennium School,"Lalitpur,  Lalitpur,  Seetal Height, Imadole",https://nepalschoolmela.com/newmillennium
Pathshala Nepal Foundation,"Lalitpur,   Bagdol",https://nepalschoolmela.com/pathsala
Rising Star Secondary School,"Kathmandu,  Kathmandu,  Bafal, Kalanki",https://nepalschoolmela.com/risingstarschool
SANN International Secondary School,"Kathmandu,  Kathmandu,  Chabahil, Bhatkeko Pul",https://nepalschoolmela.com/sannschool
Sarbanam Shikshyalaya,"Kathmandu,  Kathmandu,  Jorpati",https://nepalschoolmela.com/sarbanamshikshyalaya
Sikhar school,"Lalitpur,  Lalitpur,  Ochu Height, Imadole",https://nepalschoolmela.com/sikharschool
St.Joseph English Secondary School,"Kathmandu,  Budanilkantha,  Budhanilkantha-08,Golfutar",https://nepalschoolmela.com/stjosephs
Sunaulo Bhabisya,"Kathmandu,  Kathmandu,  Dallu Chautara - 15",https://nepalschoolmela.com/sunaulobhabisya
Tops English Boarding School,"Kaski,  Pokhara,  Ramghat, Pokhara",https://nepalschoolmela.com/topsenglishschool
Wisdom English Academy,"Kathmandu,  Kathmandu,  Kalanki",https://nepalschoolmela.com/wisdom
Valley English Secondary School,"Lalitpur,   Chapagaun",https://nepalschoolmela.com/valleyschool
Sagarmatha Secondary Boarding School,"Udaypur,   Beltar Basaha",https://nepalschoolmela.com/sagarmathasecondary
Saptakoshi English Boarding Secondary School,"Morang,  Urlabari,  Urlabari",https://nepalschoolmela.com/saptakoshienglish
Sudesha High School,"Lalitpur,  Lalitpur,  Nakkhu",https://nepalschoolmela.com/sudesha
Sabhapokhari  English Boarding School,"Sankhuwasabha,",https://nepalschoolmela.com/sabhapokhari
Sun Shine Secondary School,"Bhaktapur,  Madhyapur Thimi,  Naya Thimi - 4",https://nepalschoolmela.com/sunshineschool
Shree Nobel Academy,"Kanchanpur,   Nobel",https://nepalschoolmela.com/nobel
Babylon National School,"Kathmandu,  Kathmandu,  Shantinagar",https://nepalschoolmela.com/babylonnationalschool
Bibhuti Vidya Mandir English Higher Secondary School,"Jhapa,   Bhadrapur",https://nepalschoolmela.com/bibhutividya
West Point English Boarding Secondary School,"Kanchanpur,   Jhalari",https://nepalschoolmela.com/westpoint
Western Crystal Academy,"Kailali,  Dhangadi,  National Marg",https://nepalschoolmela.com/westerncrystal
Arunodaya English Secondary School,"Kavrepalanchok,   panauti",https://nepalschoolmela.com/arunodaya
Bal Bagaicha Primary School,"Kathmandu,   balbagaicha",https://nepalschoolmela.com/balbagaicha
Bal Jyoti English Boarding School,"Kapilvastu,",https://nepalschoolmela.com/baljyotienglish
Bal Kiran Lower Secondary Boarding English School,"Panchthar,",https://nepalschoolmela.com/balkiranschool
Balkalyan Boarding Secondary School,"Jhapa,   Birtamod",https://nepalschoolmela.com/balkalyanboardingschool
Udayasi English Secondary School,"Udaypur,   Triyuga-6, Udayapur",https://nepalschoolmela.com/udayasischool
Balodaya Secondary School,"Kaski,  Pokhara,",https://nepalschoolmela.com/balodaya
Bhanu Memorial English School,"Kailali,  Dhangadi,",https://nepalschoolmela.com/bhanumemorialschool
Araniko English Medium School,"Bardiya,   Sanoshree Taratal",https://nepalschoolmela.com/aranikoenglishmediumschool
Radiant Montessori English(R.M.E) School,"Kailali,  Tikapur Municipality,  Tikapur, Kailali",https://nepalschoolmela.com/radiantschool
Amar Adarsha Higher Secondary Boarding School,"Baglung,",https://nepalschoolmela.com/amaradarsha
Albert English Secondary Boarding School,"Kathmandu,  Kathmandu,  Maitidevi",https://nepalschoolmela.com/albertenglish
Sweta Sadan English Boarding School,"Kathmandu,   Samakhusi",https://nepalschoolmela.com/swetasadanschool
"Adarsha Secondary School, Morang","Morang,  Biratnagar,",https://nepalschoolmela.com/adarshasecondaryschool
Swarnim School,"Kathmandu,   Dallu Awas",https://nepalschoolmela.com/swarnimschool
Einstein Academy Secondary School,"Lalitpur,  Lalitpur,  Mahalaxmi Chowk",https://nepalschoolmela.com/einsteinacademynepal
Tamang Khark Secondary School,"Lalitpur,   Satdobato , Dhading",https://nepalschoolmela.com/tamangschool
Bheri Technical School,"Banke,  Nepalgunj,",https://nepalschoolmela.com/bts
Swostishree Gurukul,"Kathmandu,   Sanobharyang",https://nepalschoolmela.com/swostishreeschool
College of Culinary and Hospitality Management,"Kathmandu,  Kathmandu,",https://nepalschoolmela.com/cchm
Swati Sadan English Boarding Secondary School,"Kathmandu,   Balaju-16",https://nepalschoolmela.com/swatisadanschool
Nightingale International Secondary School,"Lalitpur,   Kupondole",https://nepalschoolmela.com/nightingaleschool
Prime Global School,"Kathmandu,  Kathmandu,  Khusibun, Nayabazaar",https://nepalschoolmela.com/primeglobal
Balaju School of Engineering and Technology,"Kathmandu,",https://nepalschoolmela.com/bset
Suryodaya Sai Secondary School,"Lalitpur,   Imadol, Mahalaxmi",https://nepalschoolmela.com/suryodayaschool
New Rising English Secondary school,"Kavrepalanchok,   Rayale",https://nepalschoolmela.com/nress
Sunrise Boarding School,"Kathmandu,   Chapali, Budhanilkantha",https://nepalschoolmela.com/sunriseschool
Supreme Academy Secondary School,"Bhaktapur,   Thimi",https://nepalschoolmela.com/supremeacademyschool
Supervision English School,"Lalitpur,",https://nepalschoolmela.com/supervisionschool
VIDHYA VIKASH SECONDARY BOARDING SCHOOL,"Bhaktapur,   JAGATI 7",https://nepalschoolmela.com/vidyavikashschool
Sweta Sadan English Boarding Secondary School,"Kathmandu,   Gongabu",https://nepalschoolmela.com/swetasadan
Tarun Secondary School,"Kathmandu,  Kathmandu,  Balaju",https://nepalschoolmela.com/tarunschool
Tarapunja Secondary School,"Kathmandu,",https://nepalschoolmela.com/tarapunjaschool
Tokha Valley English School,"Kathmandu,  Kathmandu,  Tokha",https://nepalschoolmela.com/tokhavalleyschool
Vidhya Vikash English School,"Kathmandu,  Kathmandu,  Gothatar-2",https://nepalschoolmela.com/vidyabikash
Awareness International Academy,"Kathmandu,  Kathmandu,  Sankhamul",https://nepalschoolmela.com/awarenessacademy
Ashirvad English Boarding School,"Kathmandu,  Kathmandu,  UpaharMarga",https://nepalschoolmela.com/ashirvadschool
Modern Indian School,"Kathmandu,   Chobhar",https://nepalschoolmela.com/modernindianschool
The Chandbagh School,"Kathmandu,   Bansbari",https://nepalschoolmela.com/thechandbaghschool
Arunodaya Academy,"Kathmandu,  Kathmandu,  Bijayaswari",https://nepalschoolmela.com/arunodayaacademy
Basu Higher Secondary School,"Bhaktapur,   Kalighat, Byasi",https://nepalschoolmela.com/basusecondaryschool
Arunima Secondary School,"Kathmandu,  Kathmandu,  Bauddha",https://nepalschoolmela.com/arunimaschool
Asian Public School,"Kathmandu,  Kathmandu,  Anamnagar",https://nepalschoolmela.com/asianpublicschool
Ashish English Boarding School,"Lalitpur,  Lalitpur,  Jawalakhel",https://nepalschoolmela.com/ashishschool
Mahendra Vidya Ashram,"Bhaktapur,   Barahi Pith",https://nepalschoolmela.com/mahendravidyaashram
Ashirwad Secondary School,"Kathmandu,  Kathmandu,  Samakhusi",https://nepalschoolmela.com/ashirwadschool
SUNSHINE NATIONAL SCHOOL,"Bhaktapur,   Dudhpati",https://nepalschoolmela.com/sunshinenationalschool
Anmol Jyoti Secondary English Boarding School,"Kathmandu,  Kathmandu,  Maligaun-5",https://nepalschoolmela.com/anmoljyotischool
Anjuli Boarding School,"Kaski,  Pokhara,",https://nepalschoolmela.com/anjulischool
Tribeni Sadan English Secondary School,"Kathmandu,  Kathmandu,  Tokha",https://nepalschoolmela.com/tribenisadan
Tej Binayak Secondary School,"Kathmandu,  Kathmandu,  Gothatar",https://nepalschoolmela.com/tejbinayakschool
Technical And Vocational School,"Kavrepalanchok,   Banepa",https://nepalschoolmela.com/technicalschool
Baba School,"Kathmandu,   Moti Chowk, Chabahil",https://nepalschoolmela.com/babaschool
Third Eye Boarding School,"Kathmandu,  Kathmandu,  Gongabu",https://nepalschoolmela.com/thirdeyeschool
The Velocity School,"Kathmandu,  Kageshwari Manohara,  Mulpani",https://nepalschoolmela.com/thevelocityschool
The Sunshine Secondary Boarding School,"Kathmandu,  Kathmandu,  Bijeshwori",https://nepalschoolmela.com/sunshine
The Spangle Boarding High School,"Kathmandu,  Kathmandu,  Kalikasthan",https://nepalschoolmela.com/spangleboardingschool
The Rising School,"Lalitpur,  Lalitpur,  Tikhedewal",https://nepalschoolmela.com/risingschool
Kathmandu Valley Higher Secondary School,"Kathmandu,   Maharajgunj, Chakrapath",https://nepalschoolmela.com/kathmanduvalleyschool
The Excelsior School,"Kathmandu,  Kathmandu,  Swoyambhu",https://nepalschoolmela.com/theexcelsiorschool
RUPY'S INTERNATIONAL SCHOOL,"Kathmandu,   Baphal",https://nepalschoolmela.com/rupysschool
The Dream School,"Kaski,  Pokhara,  Nirmalpokhari-23",https://nepalschoolmela.com/thedreamschool
The Celebration Co-ed School,"Kathmandu,  Kageshwari Manohara,  Gothatar",https://nepalschoolmela.com/celebrationschool
Tilingatar Secondary School,"Kathmandu,  Kathmandu,  Dhapasi",https://nepalschoolmela.com/thss
Laligurans Batika Secondary School,"Kathmandu,   Narephant, Koteshwor",https://nepalschoolmela.com/laliguransbatikaschool
Toddler`s International Pre School,"Kathmandu,  Kathmandu,  Boudha",https://nepalschoolmela.com/toddlerspreschool
Timeline School,"Kathmandu,  Kathmandu,  Gokarneshwar",https://nepalschoolmela.com/timelineschool
Budhanilkantha School,"Kathmandu,   Budhanilkantha",https://nepalschoolmela.com/budhanilkantaschool
Araniko Higher Secondary School,"Bhaktapur,  Bhaktapur,  Gamcha",https://nepalschoolmela.com/arnikoschool
Araniko International Academy,"Lalitpur,  Lalitpur,  Talchikhel",https://nepalschoolmela.com/aranikoacademy
Apollo International Academy,"Kathmandu,  Kathmandu,  Subidhanagar",https://nepalschoolmela.com/apolloacademy
Alpine Academy,"Kathmandu,   Kageshwori-4, Kathmandu",https://nepalschoolmela.com/alpineacademy
Annapurna English Secondary School,"Kathmandu,  Kathmandu,  Gairi Gaun",https://nepalschoolmela.com/annapurnaenglishschool
Annal Jyoti Boarding School,"Lalitpur,  Lalitpur,  Dholahiti-8",https://nepalschoolmela.com/annaljyotischool
Angel Montessori And Pre School,"Kathmandu,  Kathmandu,  Dhapasi",https://nepalschoolmela.com/angelmontessorischool
Ajaya Shikshya Sadan,"Lalitpur,   Thasikhel",https://nepalschoolmela.com/ajayaschool
Angel Lord Academy High School,"Kathmandu,  Kathmandu,  Himali Marga",https://nepalschoolmela.com/angellolardacademy
Akala Secondary School,"Gorkha,  Gorkha Municipality,  Ratmate",https://nepalschoolmela.com/akalaschool
Adarsha Yogahari Secondary School,"Kathmandu,  Kathmandu,  Lainchour",https://nepalschoolmela.com/adarshayogaharischool
Traibidya Shikchhya Sadan,"Kathmandu,  Kathmandu,  Shankhamul",https://nepalschoolmela.com/traibidya
Adwitiya Boarding High School,"Kathmandu,   Balaju, Kharibot,",https://nepalschoolmela.com/adwitiyaschool
Tri-Padma Vidyashram Higher Secondary School,"Lalitpur,  Lalitpur,  Pulchowk",https://nepalschoolmela.com/tripadmaschool
Adarsha Saula Yubak Secondary School,"Lalitpur,  Lalitpur,  Metropolitan-City-25 Sainbu",https://nepalschoolmela.com/adarshasaulaschool
Trilok Children`s Academy School,"Kathmandu,  Kathmandu,  Balaju",https://nepalschoolmela.com/Trilokschool
Adarsha Kanya Niketan Secondary School,"Lalitpur,   Mangal Bazar",https://nepalschoolmela.com/adarshakanyaschool
Trilochan Academy,"Lalitpur,  Lalitpur,  Tikhedewal",https://nepalschoolmela.com/trilochanacademy
Shree Tribhuvan Shanti High School,"Kaski,  Pokhara,  Lekhnath",https://nepalschoolmela.com/shreetribhuvanshantihighschool
Annapurna Secondary School,"Kathmandu,  Kathmandu,  Kamalachi",https://nepalschoolmela.com/annapurnaschool
Children Garden Academy,"Lalitpur,  Lalitpur,  Imadol",https://nepalschoolmela.com/childrengardenschool
Ideal Model Secondary School,"Lalitpur,   Jhamsikhel",https://nepalschoolmela.com/idealmodelschool
Akashganga International Academy,"Kathmandu,  Kathmandu,  kumarigal",https://nepalschoolmela.com/akashgangaacademy
Toran English Secondary School,"Lalitpur,  Lalitpur,  Bagdol",https://nepalschoolmela.com/toranschool
WITS ACADEMY,"Kathmandu,   Boudha-06",https://nepalschoolmela.com/witsacademy
Angle Academy School,"Kathmandu,  Kathmandu,  Dhapa-5",https://nepalschoolmela.com/angleacademy
Amar Shishu School,"Lalitpur,  Lalitpur,  Kupondole",https://nepalschoolmela.com/amarshishuschool
Ambrosia Ideal Secondary School,"Kathmandu,  Kathmandu,  Satungal",https://nepalschoolmela.com/aisschool
Adhyayan School,"Kathmandu,  Kathmandu,  Samakhusi Chowk, Tokha – 10",https://nepalschoolmela.com/adhyayanschool
Alpha Boarding School,"Kathmandu,  Kathmandu,  Lamachaur",https://nepalschoolmela.com/alphaschool
Advanced Academy,"Lalitpur,  Lalitpur,  Kupandole",https://nepalschoolmela.com/advancedacademy
Active Academy Boarding High School,"Kathmandu,  Kathmandu,  Basundhara",https://nepalschoolmela.com/activeacademyschool
Abhiyan Public School,"Kathmandu,  Kathmandu,  Balaju",https://nepalschoolmela.com/abhiyanschool
Tri-Jyoti Secondary School,"Kathmandu,  Kathmandu,  Kapan",https://nepalschoolmela.com/trijyotischool
THE WORLD YOUTH INTERNATIONAL SCHOOL,"Kathmandu,   Gokarneshwor-4",https://nepalschoolmela.com/worldyouthschool
Trust N Care Montessori School,"Kathmandu,  Kathmandu,  Nagarjun",https://nepalschoolmela.com/trustncaremontessori
Trungram International Academy,"Kathmandu,  Kathmandu,  Hattigauda",https://nepalschoolmela.com/trungramacademy
White Heaven Academy School,"Kathmandu,   Mitranagar",https://nepalschoolmela.com/whiteheavenacademy
Vinayak College of Health Science,"Kathmandu,   Gaushala, Battisputali,",https://nepalschoolmela.com/vinayakcollegeofhealthscience
Triyog High School,"Kathmandu,  Kathmandu,  Dhapasi",https://nepalschoolmela.com/triyogschool
Triveni Public School,"Kathmandu,  Kathmandu,",https://nepalschoolmela.com/trivenischool
Vajra Academy,"Lalitpur,  Lalitpur,  Godawari-13, Vajrabarahi",https://nepalschoolmela.com/vajraacademy
Adarshraj Memorial English Secondary School,"Surkhet,   Latikoili",https://nepalschoolmela.com/adarshrajmemorialschool
Unique Academy Secondary School,"Lalitpur,  Lalitpur,  Kumaripati",https://nepalschoolmela.com/uniqueschool
Delhi Public School,"Bara,   Lipnimal, Bara-44300",https://nepalschoolmela.com/delhipublicschool
RAI School,"Kathmandu,   Naxal ( Near Balmandir Compound )",https://nepalschoolmela.com/raischool
Rato Bangala School,"Lalitpur,   PATANDHOKA",https://nepalschoolmela.com/ratobangalaschool
United School Satdobato,"Lalitpur,  Lalitpur,  Satdobato",https://nepalschoolmela.com/unitedschool
Shikshantar school,"Kathmandu,   Airport road Sinamgal",https://nepalschoolmela.com/shikshantarschool
KENDRIYA VIDYALAYA,"Kathmandu,   Lazimpat",https://nepalschoolmela.com/kendriyavidyalaya
Valley View English School,"Kathmandu,  Kathmandu,  Mid-Baneshwor",https://nepalschoolmela.com/valleyview
Valley Public Secondary School,"Kathmandu,  Kathmandu,  Golfutar",https://nepalschoolmela.com/valleypublicsecondaryschool
KATHMANDU INTERNATIONAL STUDY CENTRE,"Kathmandu,   Jawalakhel, Patan",https://nepalschoolmela.com/kathmanduinternational
Birat Boarding School,"Kathmandu,   Sankhamool, New Baneshwor",https://nepalschoolmela.com/bbs
Uttar Bahini Boarding School,"Kathmandu,  Kathmandu,",https://nepalschoolmela.com/uttarbahinischool
Amar Kanti Secondary School,"Lalitpur,  Lalitpur,",https://nepalschoolmela.com/amarkantischool
Universal Higher Secondary School,"Kathmandu,  Kathmandu,  Dhumbarahi",https://nepalschoolmela.com/universalsecondaryschool
The British School,"Lalitpur,   Jhamsikhel",https://nepalschoolmela.com/tbs
Wits Academy School,"Kathmandu,  Kathmandu,  Boudha, Bhuwaldanda",https://nepalschoolmela.com/wits
Ananda Bhumi Secondary School,"Kathmandu,   Maitidevi",https://nepalschoolmela.com/anandabhumi
Suryodaya Jyoti Secondary Boarding School,"Kathmandu,   Maitidevi",https://nepalschoolmela.com/suryodayajyoti
Tulasi Mehar Memorial English Awasiya Secondary School,"Makwanpur,   Hetauda, Makwanpur",https://nepalschoolmela.com/tilasimehar
Diamond Public Academy,"Kanchanpur,   Gaddachauki, Kanchanpur",https://nepalschoolmela.com/diamondacademy
Mt. Manaslu Secondary School,"Sunsari,   Duhabi-04",https://nepalschoolmela.com/mountmanaslu
Star Secondary Boarding School,"Morang,   Biratnagar 03 (Puspalal Chowk)",https://nepalschoolmela.com/starsecondary
DAWN CHILDREN'S ENGLISH HIGH SCHOOL,"Rupandehi,   wn Village, Rupandehi",https://nepalschoolmela.com/dawncehs
Prisma School,"Kathmandu,  Nagarjun,  Kalanki",https://nepalschoolmela.com/prisma
Mount View English Boarding School,"Bhaktapur,   Anantalingeshwar, Balkot",https://nepalschoolmela.com/mountview
PREMIER INTERNATIONAL IB WORLD SCHOOL,"Lalitpur,   Khumaltar Height",https://nepalschoolmela.com/premierschool
"Pashupati Secondary School, Nepalgunj","Banke,   anjha, Nepalgunj",https://nepalschoolmela.com/pashupatischool
Moonlight  Secondary  School,"Lalitpur,   Kumaripati",https://nepalschoolmela.com/moonlight
Mount Glory English Boarding High School,"Kathmandu,   Chagal,Tahachal",https://nepalschoolmela.com/mountglory
Kanchan Secondary English School,"Lalitpur,",https://nepalschoolmela.com/kanchansecondaryschool
River Valley English Secondary School,"Palpa,   Tansen",https://nepalschoolmela.com/rivervlley
Sunsari St Xavier's Secondary boarding school,"Sunsari,",https://nepalschoolmela.com/sunsaristxaviers
Saraswati Secondary School,"Siraha,  Siraha Municipality,  Golbazar, Tetariya",https://nepalschoolmela.com/saraswatimodelschool
Evergreen Secondary Boarding School,"Rautahat,",https://nepalschoolmela.com/evergreenschool
Beacon English Secondary School,"Parsa,   Bhagawati Tole",https://nepalschoolmela.com/beaconschool
Kamal Devi Secondary English Boarding School,"Chitwan,",https://nepalschoolmela.com/kamaldevischool
Gothatar English Secondary School,"Kathmandu,   Kageshwori Manahara 8, Gothatar",https://nepalschoolmela.com/gothatarenglishschool
Namo Buddha Secondary School,"Kathmandu,   Shankhupatichaur -7,Etay Panauti Village",https://nepalschoolmela.com/namobuddha
Eden Bridge Academy,"Kathmandu,   Dhapasi Height-3",https://nepalschoolmela.com/edenbridgeacademy
Little Bud English Medium Secondary School,"Kathmandu,   Gokarneshwor-08",https://nepalschoolmela.com/littlebud
Ujjwal Shishu Niketan Academ,"Kathmandu,   Kirtipur",https://nepalschoolmela.com/ujjwalschool
Cambridge International Boarding Secondary School,"Kathmandu,   Kalanki Chowk- 14",https://nepalschoolmela.com/cambridgeschool
Munal Academy,"Dhading,   Gajuri-1",https://nepalschoolmela.com/munalacademy
Kalinchwok Secondary School,"Dolakha,   Charikot",https://nepalschoolmela.com/kalinchowkschool
Greenland Secondary School,"Sindhupalchowk,   balephi 8 lamosanghu",https://nepalschoolmela.com/gss
Manasalu Public Secondary School,"Kathmandu,   Nayabazaar",https://nepalschoolmela.com/manasluschool
Kopila English Secondary School,"Kathmandu,",https://nepalschoolmela.com/kopilaschool
Kaligandaki Academy ( Sec. English  B. School,"Parbat,",https://nepalschoolmela.com/kaligandaki
Nilgiri Boarding School,"Kaski,   पोखरा उप म.न.पा.-४,कास्की,गण्डकी",https://nepalschoolmela.com/nilgiri
Land Star English School,"Lamjung,",https://nepalschoolmela.com/landstar
Pragati Boarding School,"Kaski,",https://nepalschoolmela.com/pragatiboarding
Mukundasen Sec. School,"Nawalpur,",https://nepalschoolmela.com/rajgangaschool
Araniko English Medeum School,"Bardiya,",https://nepalschoolmela.com/aranikoenglish
Butwal Public School,"Rupandehi,",https://nepalschoolmela.com/butwalpublicschool
Daunnedevi  English School,"Parasi,",https://nepalschoolmela.com/daunnedevi
Rampur English Boarding School,"Palpa,",https://nepalschoolmela.com/rampurenglish
Namaste Lines E.B.S.,"Kapilvastu,",https://nepalschoolmela.com/namastelines
Gyan Jyoti E.B.S.,"Parasi,",https://nepalschoolmela.com/gyanjyotiEBS
Arghakhanchi Secondary Boarding School,"Arghakhanchi,",https://nepalschoolmela.com/arghakanchi
Little Angel School,"Dang,",https://nepalschoolmela.com/littleangel
PashupatiVidhyashram,"Dang,",https://nepalschoolmela.com/pashupatividhyashram
Gyan Jyoti E.B.S.,"Kapilvastu,",https://nepalschoolmela.com/gyanjyotikapilbastu
Future Light English School,"Nawalparasi,",https://nepalschoolmela.com/futurelight
"Deep  Boarding High School, Butwal","Rupandehi,",https://nepalschoolmela.com/deepboardinghigh
Bal Jyoti English School,"Kapilvastu,",https://nepalschoolmela.com/baljyotienglishschool
Kanika Nisa Higher Secondary School,"Jumla,",https://nepalschoolmela.com/kanikanisahigher
"M.S, Academy","Salyan,",https://nepalschoolmela.com/M.S.academy
Adarsharaj  Memoreal School,"Surkhet,",https://nepalschoolmela.com/adarsharaj
Lohore English Boarding School,"Dailekh,",https://nepalschoolmela.com/lohoreenglish
Milan English School,"Kailali,",https://nepalschoolmela.com/Milanenglishschool
Western Crystal Academy,"Kailali,",https://nepalschoolmela.com/westerncrystalacademy
Bhanu Memoreal English B. School,"Kailali,",https://nepalschoolmela.com/bhanumemorial
Seedling Zone School,"Kailali,",https://nepalschoolmela.com/seedingzone
Holy Family School,"Kanchanpur,",https://nepalschoolmela.com/holyfamily
Sharada Vidhya Niketan,"Kailali,",https://nepalschoolmela.com/sharadavidhya
Gurukul Academy,"Kailali,",https://nepalschoolmela.com/gurukulacademy
Hill Bird English Boarding School,"Kailali,",https://nepalschoolmela.com/hillbirdenglish
West Point Boarding School,"Kanchanpur,",https://nepalschoolmela.com/westpointboarding
Suryodayajyoti Secondary School,"Kathmandu,",https://nepalschoolmela.com/suryadoyajyoti
Global Collegiate School,"Kaski,",https://nepalschoolmela.com/collagecollegiate
Nawalpur Sec. School,"Nawalpur,",https://nepalschoolmela.com/nawalpursecschool
NK Singh Memoreal Secondary (EPS) School,"Kathmandu,",https://nepalschoolmela.com/nksingh123
Pushpasadan Boarding High  School,"Kathmandu,",https://nepalschoolmela.com/pushpasadan123
Batsyaan Secondary School,"Dang,",https://nepalschoolmela.com/pushpasadanboarding
Siddhartha Vidhya Mandir,"Kapilvastu,",https://nepalschoolmela.com/siddharthavidya
Adarsha Secondary Boarding School,"Morang,",https://nepalschoolmela.com/adarshasec123
Bal Kiran Eng. Sec. School,"Panchthar,",https://nepalschoolmela.com/balkiran123
Peaceland National Academy,"Ilam,",https://nepalschoolmela.com/peaceland123
Dev Ideal Eng. Boarding School,"Siraha,",https://nepalschoolmela.com/devidealeng
Greenland High School,"Kathmandu,",https://nepalschoolmela.com/greenlandhigh
Bright Future Secondary Boarding School,"Tanahun,",https://nepalschoolmela.com/brightfuture123
Sayapatri English School,"Parasi,",https://nepalschoolmela.com/sayapatri123
Siddhapaila  Eng. Medium Sec. School,"Surkhet,",https://nepalschoolmela.com/siddhapailaeng
Global Academy,"Kanchanpur,",https://nepalschoolmela.com/globalacademy
Gladstone Academy Thimi,"Bhaktapur,   Mill road, Thim",https://nepalschoolmela.com/gladstoneschool
DAV Sushil Kedia Vishwa Bharati,"Lalitpur,   Jawalakhel",https://nepalschoolmela.com/dskvb
SANSKRITI INTERNATIONAL SCHOOL,"Kathmandu,   Thulobharyang, Halchowk, Swayambhu",https://nepalschoolmela.com/sanskritischool
Brihaspati Vidyasadan School,"Kathmandu,   Brihaspati Vidyasadan Naxal",https://nepalschoolmela.com/bvs
Nisarga Batika School,"Kathmandu,   Rabibhawan",https://nepalschoolmela.com/nisargaschool
Genius IB World School,"Lalitpur,   Mahalaxmi Municipality Lubhu – 8",https://nepalschoolmela.com/geniusschool
Him Rashmi High School,"Kathmandu,   Tarakeshwor-9,",https://nepalschoolmela.com/himrashmischool
Venus Public School,"Kathmandu,   Gokarneshwor-8, Jorpati",https://nepalschoolmela.com/venusschool
"Nava Arunima Secondary School, Arubari","Kathmandu,   Arubari",https://nepalschoolmela.com/navataraschool
East Pole Secondary School,"Kathmandu,   Jorpati, Gokarneshwor - 0",https://nepalschoolmela.com/eastpoleschool
Shankar National English Secondary School,"Bhaktapur,   Suryabinayak-04/Dadhikot",https://nepalschoolmela.com/shankarschool
Padmodaya Secondary School,"Kavrepalanchok,   Ramshah Path, Pradarsani Marga",https://nepalschoolmela.com/padmodayaschool
Cosmic International Academy,"Kathmandu,   Koteshwor, near Bhatbhateni",https://nepalschoolmela.com/cosmicschool
Navodit School,"Kathmandu,   Kapurdhara, Samakhusi",https://nepalschoolmela.com/navoditschool
KASKI MODERNIZED ACADEMY,"Kaski,   B.P. Marga, Chauthe, 14-Pokhara",https://nepalschoolmela.com/kaskimodernize
Elixir Academy,"Kathmandu,   Kharibot, Kumariga",https://nepalschoolmela.com/elixiracademy
Jubilant Secondary School,"Kathmandu,",https://nepalschoolmela.com/jubilantschool
Advance International Model Secondary School,"Lalitpur,",https://nepalschoolmela.com/advanceschool
Bidhya Sagar English Boarding School,"Kathmandu,",https://nepalschoolmela.com/bidhyaschool
Durbar High School,"Kathmandu,   Ranipokhari, Kathmandu",https://nepalschoolmela.com/durbarschool
Maitri School,"Kathmandu,",https://nepalschoolmela.com/maitrischool
Viswa Niketan Secondary School,"Kathmandu,   Tripureshwar",https://nepalschoolmela.com/viswaniketan
Gurukul Academy,"Dang,  Ghorahi,  Ghorahi-15, Ratanpur",https://nepalschoolmela.com/gurukuldang
Kantipur Academy Higher Secondary School,"Kathmandu,   Gokarneswor-6",https://nepalschoolmela.com/kantipuracademy
Imperial World School,"Kathmandu,   Hattigauda, Budhanilkantha",https://nepalschoolmela.com/imparialschool
Rose Bud school,"Kathmandu,   Biuddha Nagar10",https://nepalschoolmela.com/rosebudschool
Ullens School,"Lalitpur,   Khumaltar",https://nepalschoolmela.com/ullenusschool
Rajarsi Gurukul school,"Bhaktapur,   Sallaghari",https://nepalschoolmela.com/rajarsigurukul
Green Tara School,"Kathmandu,   Aarubari-08, Gokarneshwor",https://nepalschoolmela.com/greentara
Bhirkuti Secondary School,"Dang,   Pasang Lamu Road",https://nepalschoolmela.com/bhirkutischool
Clinton secondary School,"Kathmandu,   Chabahil",https://nepalschoolmela.com/clintonschool
Pioneer Public School,"Kathmandu,   Kapan,Budhanilkantha-12",https://nepalschoolmela.com/pioneerschool
Christian Community School,"Kathmandu,   Mulapani",https://nepalschoolmela.com/christianschool
Aakash Ganga school,"Kathmandu,   Kumarigal-7",https://nepalschoolmela.com/aakashganga
Pearls Academy,"Kathmandu,   Nayabasti, Kathmandu, Nepal",https://nepalschoolmela.com/pearlsacademy
Gokarneswor Light Academy,"Kathmandu,   Gokarneshwor-4",https://nepalschoolmela.com/gokarnesworacademy
Genious English Boarding School,"Kathmandu,   Sundarijal",https://nepalschoolmela.com/geniousschool
Aakash Deep English Secondary School,"Kathmandu,  Kathmandu,  Gokarneshwor-7,Dakshin Dhoka",https://nepalschoolmela.com/aakashdeep
Panchpokhari Model Secondary School,"Kathmandu,  Kathmandu,  Makalbari",https://nepalschoolmela.com/pancgpokhari
Everest Innovative School/ College,"Kathmandu,   Soalteemode, Kalimati",https://nepalschoolmela.com/everestinnovative
Vidhya Sanskar Secondary School,"Kathmandu,   New Baneshwor and Jorpati",https://nepalschoolmela.com/vidhyasanskar
Knowledge & Wisdom Academy Secondary School,"Kathmandu,   New Baneshwor",https://nepalschoolmela.com/knowledgeacademy
Gyanodaya Secondary School,"Kathmandu,  Kathmandu,  Purano Kalimati, Bafal",https://nepalschoolmela.com/gyanodayaschool
Api School,"Kathmandu,  Kathmandu,  Dhapasi Height",https://nepalschoolmela.com/apischool
Namaste Academy,"Rupandehi,   Butwal",https://nepalschoolmela.com/namasteacademy
Lumbini World School,"Rupandehi,   Madhawaliya, Tilottama-13",https://nepalschoolmela.com/lumbinischool
Bluebird Secondary School,"Lalitpur,   Talchhikhel",https://nepalschoolmela.com/bluebirdschool
Uniglobe Secondary School,"Kathmandu,  Kathmandu,  Kamaladi",https://nepalschoolmela.com/uniglobeschool
UNIVERSAL College,"Kathmandu,  Kathmandu,  Maitidevi",https://nepalschoolmela.com/universalcollege
Aadim National College,"Kathmandu,  Kathmandu,  Chuchchepati",https://nepalschoolmela.com/aadimcollege
ANGELS' HEART SECONDARY SCHOOL,"Kathmandu,  Kathmandu,  Tarkeshwor - 10, Manamaiju,",https://nepalschoolmela.com/angelsschool
Bhanubhakta Memorial Hss,"Kathmandu,  Kathmandu,  Bhanubhakta Memorial Marg, Panipokhari",https://nepalschoolmela.com/bhanubhaktaschool
Bridgewater International School,"Kathmandu,  Kathmandu,  Sinamangal",https://nepalschoolmela.com/bridgewaterschool
Canvas International Secondary School,"Kathmandu,  Kathmandu,  Basundhara",https://nepalschoolmela.com/convasschool
Kathmandu College of Central State,"Kathmandu,  Kathmandu,  Soalteemode, Kalimati",https://nepalschoolmela.com/kathmanducollege
Everest Florida high school,"Kathmandu,  Kathmandu,  New Baneshwor",https://nepalschoolmela.com/everestfloridaschool
Nepal Kasthamandap Secondary School,"Kathmandu,  Kathmandu,  Kalanki",https://nepalschoolmela.com/nepalkasthamandapschool
Nepal Mega School,"Kathmandu,  Kathmandu,  Anamnagar",https://nepalschoolmela.com/nepalmegaschool
Nepalaya School,"Kathmandu,  Kathmandu,  Kalanki",https://nepalschoolmela.com/nepalayaschool
Pentagon International Secondhoary School,"Kathmandu,  Kathmandu,  Raja Janak Marg",https://nepalschoolmela.com/pentagonschool
Olympia World Secondary School,"Kathmandu,  Kathmandu,  Babarmahal",https://nepalschoolmela.com/olympiaworldschool
The New Summit School,"Kathmandu,  Kathmandu,  Maitidevi -33",https://nepalschoolmela.com/newsummitschool
Nava Jeewan Secondary School,"Kathmandu,  Kathmandu,  Samakhusi Chowk",https://nepalschoolmela.com/navajiwanschool
Graded English Medium School,"Lalitpur,  Lalitpur,  Dhapakhel",https://nepalschoolmela.com/Gradedenglishmedium
