name,address,link,phone,email
Apex Life School,"Kathmandu,  Budanilkantha,  Chabahil, Saraswatinagar",https://nepalschoolmela.com/apexlifeschool,Not found,info@apexlifeschool.edu.np
Everest Secondary School,"Morang,  Biratnagar,  Biratnagar",https://nepalschoolmela.com/everestschool,Not found,everestschool@gmail.com
Machhapuchchhre IB World School,"Lalitpur,  Lalitpur,  Kusunti",https://nepalschoolmela.com/machhapuchchhre,Not found,info@machhapuchhreintl.edu.np
Radiant Readers’ Academy,"Lalitpur,  Lalitpur,  Sanepa",https://nepalschoolmela.com/radiant,Not found,radiantschool@enet.com.np
Valley Public  School,"Kathmandu,  Kathmandu,  Sundabarsti, Budhanilkatha-9",https://nepalschoolmela.com/valleypublic,"Nishan Khatri, SLC 2008 Batch What I am today is because of my time as student in Valley Public High School. I look back my primary and secondary education days and feel how lucky I was to be able to get such a wonderful beginning. I have been living and running my own business in the USA for the past few years. My transition from Nepal to USA was made so easy mainly due to my education and upbringing in Valley Public. My language proficiency, my confidence in my own ability to do things was imparted in me by inspiring teachers to whom I owe my great respect. I have my respect and admiration for the service Valley Public is giving to the Nepali community. If any one of the Valley Public students are thinking of studying in the USA please feel free to contact me through Valley Public.",valleypublicschool2050@gmail.com
Bhanubhakta Memorial School,"Kathmandu,  Kathmandu,  Panipokhari",https://nepalschoolmela.com/bhanubhaktamemorial,Step 4 : Results will be published at the given date. Parents or guardians and students are notified by telephone or email.,info@bhanu.edu.np
Butwal Public School,"Rupandehi,  Tillotama Municipality,  Tilottama-3, Yogikuti",https://nepalschoolmela.com/butwalpublic,Not found,info@bp.edu.np
Global Educational Academy,"Jhapa,  Damak,",https://nepalschoolmela.com/globaleducationalacademy,Not found,info@gea.edu.com
Laboratory Secondary Boarding School,"Kathmandu,  Kathmandu,  Kirtipur",https://nepalschoolmela.com/laboratoryschool,Not found,ourlabschool@yahoo.com
Little Angels School,"Lalitpur,   Hattiban",https://nepalschoolmela.com/littleschool,Not found,info@las.edu.np
LRI School,"Kathmandu,  Nagarjun,  Kalanki Sthan",https://nepalschoolmela.com/lrischool,Not found,info@lrischool.edu.np
Morgan International School,"Kathmandu,   Basundhara -3",https://nepalschoolmela.com/morganschool,Not found,info@morganintlschool.com
Panini School,"Kathmandu,   Kageshwori Manohara-9",https://nepalschoolmela.com/paninischool,Not found,info@paninischool.edu.np
Sagarmatha Secondary School,"Siraha,   Mirchaiya",https://nepalschoolmela.com/sagarmatha,Not found,sagarmatha.hss@gmail.com
Siddhartha Vidyapeeth  Secondary School,"Bhaktapur,  Madhyapur Thimi,  Madhyapur Thimi-2,Gatthaghar",https://nepalschoolmela.com/siddhartha,Not found,info@svp.edu.np
Southwestern School,"Kathmandu,  Kathmandu,  Basundhara",https://nepalschoolmela.com/southwestern,Not found,info@southwesternschool.edu.np
Ace School,"Kathmandu,  Kathmandu,  Gairigaun",https://nepalschoolmela.com/aceschool,Not found,aceschool@ace.edu.np
Alok Vidyashram,"Kathmandu,  Kathmandu,  Shahid Marg, Gyaneshwor",https://nepalschoolmela.com/alokvidyashram,Not found,alokvidyashram@gmail.com
Asia Pacific School,"Kathmandu,  Tokha,  Tolakha Road",https://nepalschoolmela.com/aciapacific,Not found,info@asiapacific.edu.np
​Campion Academy,"Lalitpur,  Lalitpur,  lagankhel",https://nepalschoolmela.com/compionacademy,Not found,info.cslagankhel@gmail.com
Chandikeswori English Secondary School,"Kathmandu,  Gokarneshwor Municipality,  Bhumisthali, Nayapa",https://nepalschoolmela.com/chandikesworischool,Not found,chandikashworischool@gmail.com
Chelsea International Academy,"Kathmandu,  Kathmandu,  New Baneshwor",https://nepalschoolmela.com/chelsaacademy,Not found,mail@chelseainternational.com.np
Euro School,"Kathmandu,  Kathmandu,  Ganesh Chowk Hattigaunda",https://nepalschoolmela.com/euros,Not found,info@es.edu.np
Euro School Chhauni,"Kathmandu,  Kathmandu,  Kimdole-Marg, Chhauni",https://nepalschoolmela.com/EuroSchool123,Not found,info@euroschool.edu.np
GEMS School,"Lalitpur,  Lalitpur,  Dhapakhel",https://nepalschoolmela.com/gemsschool,Not found,info@gems.edu.np
Glacier International Secondary School,"Kathmandu,  Kathmandu,  Shantinagar",https://nepalschoolmela.com/Glacierschool,Not found,info@glaciercollege.edu.np
Gyan Sanskar International School,"Kathmandu,  Kathmandu,  Samakhusi Chowk",https://nepalschoolmela.com/gyansanskarschool,Not found,Info@gyansanskar.school
Herald Secondary School,"Kathmandu,   Basundhara",https://nepalschoolmela.com/herladschool,Not found,contact@heraldschool.edu.np
Himalaya Secondary School,"Kathmandu,  Kathmandu,  Koteshwor",https://nepalschoolmela.com/himalayaschool,Not found,info@himalayaschool.edu.np
Himalayan Academy,"Kathmandu,  Kathmandu,  Samakhushi-26",https://nepalschoolmela.com/himalayanacademy,Not found,Himalayan.1995@gmail.com
IST Secondary School,"Kathmandu,  Kathmandu,  Gyaneshwor",https://nepalschoolmela.com/istschool,Not found,info@istcollege.edu.np
John Dewy Higher Secondary School,"Kathmandu,  Kathmandu,  Kapan Marg, Peepalbot, Maharjgunj",https://nepalschoolmela.com/johndewyschool,Not found,johndewey06@gmail.com
Kanjirowa National School,"Kathmandu,  Kathmandu,  Koteshwor",https://nepalschoolmela.com/kanjirowaschool,Not found,kanjisl@mail.com.np
Kathmandu Valley School,"Kathmandu,  Kathmandu,  Museum Road, Chhauni",https://nepalschoolmela.com/kvc,Not found,info@kvc.edu.np
Kautilya Global School,"Kathmandu,  Kathmandu,  Subidhanagar, Tinkune",https://nepalschoolmela.com/kautilyass,Not found,info@kautilya.edu.np
KMC SCHOOL,"Kathmandu,  Kathmandu,  Shankhamul Marg, BuddhaNagar",https://nepalschoolmela.com/kmcshool,Not found,info@kmcschool.edu.np
Learning Heaven and Research School,"Pyuthan,   Pundyakhola",https://nepalschoolmela.com/learningheaven,Not found,surendraghimire2011@gmail.com
Manakamana Secondary School,"Kathmandu,  Kathmandu,  Gokarneshwor-7",https://nepalschoolmela.com/manakamana,Not found,manakamanamavi038@gmail.com
New Millennium School,"Lalitpur,  Lalitpur,  Seetal Height, Imadole",https://nepalschoolmela.com/newmillennium,Not found,excellence@nms.edu.np
Pathshala Nepal Foundation,"Lalitpur,   Bagdol",https://nepalschoolmela.com/pathsala,Not found,pnflalitpur@pathshala.edu.np
Rising Star Secondary School,"Kathmandu,  Kathmandu,  Bafal, Kalanki",https://nepalschoolmela.com/risingstarschool,Not found,risingstar.edu.np@gmail.com
SANN International Secondary School,"Kathmandu,  Kathmandu,  Chabahil, Bhatkeko Pul",https://nepalschoolmela.com/sannschool,Not found,dsghimire@gmail.com
Sarbanam Shikshyalaya,"Kathmandu,  Kathmandu,  Jorpati",https://nepalschoolmela.com/sarbanamshikshyalaya,Not found,info@sarbanamshikshyalaya.edu.np
Sikhar school,"Lalitpur,  Lalitpur,  Ochu Height, Imadole",https://nepalschoolmela.com/sikharschool,Not found,shikharschoollalitpur@gmail.com
St.Joseph English Secondary School,"Kathmandu,  Budanilkantha,  Budhanilkantha-08,Golfutar",https://nepalschoolmela.com/stjosephs,Not found,info@stjosephs.edu.np
Sunaulo Bhabisya,"Kathmandu,  Kathmandu,  Dallu Chautara - 15",https://nepalschoolmela.com/sunaulobhabisya,Not found,sunaulo.bhabishya@yahoo.com
Tops English Boarding School,"Kaski,  Pokhara,  Ramghat, Pokhara",https://nepalschoolmela.com/topsenglishschool,Not found,topsenglishschool@gmail.com
Wisdom English Academy,"Kathmandu,  Kathmandu,  Kalanki",https://nepalschoolmela.com/wisdom,Not found,info@wisdomacademy.edu.np
Valley English Secondary School,"Lalitpur,   Chapagaun",https://nepalschoolmela.com/valleyschool,Not found,valleyengschool@gmail.com
Sagarmatha Secondary Boarding School,"Udaypur,   Beltar Basaha",https://nepalschoolmela.com/sagarmathasecondary,Not found,contact@sagarmathass.edu.np
Saptakoshi English Boarding Secondary School,"Morang,  Urlabari,  Urlabari",https://nepalschoolmela.com/saptakoshienglish,Not found,bhattarailekhnath600@gmail.com
Sudesha High School,"Lalitpur,  Lalitpur,  Nakkhu",https://nepalschoolmela.com/sudesha,Not found,info@sudesha.edu.np
Sabhapokhari  English Boarding School,"Sankhuwasabha,",https://nepalschoolmela.com/sabhapokhari,Not found,info@sabhapokhari.edu.np
Sun Shine Secondary School,"Bhaktapur,  Madhyapur Thimi,  Naya Thimi - 4",https://nepalschoolmela.com/sunshineschool,Not found,info@sunshineschool.edu.com
Shree Nobel Academy,"Kanchanpur,   Nobel",https://nepalschoolmela.com/nobel,Not found,arjun2073kunwar@gmail.com
Babylon National School,"Kathmandu,  Kathmandu,  Shantinagar",https://nepalschoolmela.com/babylonnationalschool,Not found,info@babylonschool.edu.np
Bibhuti Vidya Mandir English Higher Secondary School,"Jhapa,   Bhadrapur",https://nepalschoolmela.com/bibhutividya,Not found,glamsal2@gmail.com
West Point English Boarding Secondary School,"Kanchanpur,   Jhalari",https://nepalschoolmela.com/westpoint,Not found,pndbasant@gmail.com
Western Crystal Academy,"Kailali,  Dhangadi,  National Marg",https://nepalschoolmela.com/westerncrystal,Not found,urmilakhadkakunwar@gmail.com
Arunodaya English Secondary School,"Kavrepalanchok,   panauti",https://nepalschoolmela.com/arunodaya,Not found,arunodayaschool_panauti@ymail.com
Bal Bagaicha Primary School,"Kathmandu,   balbagaicha",https://nepalschoolmela.com/balbagaicha,Not found,sanu_amatya@yahoo.com
Bal Jyoti English Boarding School,"Kapilvastu,",https://nepalschoolmela.com/baljyotienglish,Not found,sarbendra3@gmail.com
Bal Kiran Lower Secondary Boarding English School,"Panchthar,",https://nepalschoolmela.com/balkiranschool,Not found,dssubba8@gmail.com
Balkalyan Boarding Secondary School,"Jhapa,   Birtamod",https://nepalschoolmela.com/balkalyanboardingschool,Not found,navarajsitoula@gmail.com
Udayasi English Secondary School,"Udaypur,   Triyuga-6, Udayapur",https://nepalschoolmela.com/udayasischool,Not found,contact@udayasiss.edu.np
Balodaya Secondary School,"Kaski,  Pokhara,",https://nepalschoolmela.com/balodaya,Not found,amritaryal39@gmail.com
Bhanu Memorial English School,"Kailali,  Dhangadi,",https://nepalschoolmela.com/bhanumemorialschool,Not found,rpsharma@gmail.com
Araniko English Medium School,"Bardiya,   Sanoshree Taratal",https://nepalschoolmela.com/aranikoenglishmediumschool,Not found,shiva.duttalc@gmail.com
Radiant Montessori English(R.M.E) School,"Kailali,  Tikapur Municipality,  Tikapur, Kailali",https://nepalschoolmela.com/radiantschool,Not found,rmeschool2067@gmail.com
Amar Adarsha Higher Secondary Boarding School,"Baglung,",https://nepalschoolmela.com/amaradarsha,Not found,brspanta62@gmail.com
Albert English Secondary Boarding School,"Kathmandu,  Kathmandu,  Maitidevi",https://nepalschoolmela.com/albertenglish,Not found,albert_maitidevi@yahoo.com
Sweta Sadan English Boarding School,"Kathmandu,   Samakhusi",https://nepalschoolmela.com/swetasadanschool,Not found,info@swetasadanschool.edu.np
"Adarsha Secondary School, Morang","Morang,  Biratnagar,",https://nepalschoolmela.com/adarshasecondaryschool,Not found,info@adarshaschool.edu.np
Swarnim School,"Kathmandu,   Dallu Awas",https://nepalschoolmela.com/swarnimschool,Not found,swarnimschool1981@gmail.com
Einstein Academy Secondary School,"Lalitpur,  Lalitpur,  Mahalaxmi Chowk",https://nepalschoolmela.com/einsteinacademynepal,Not found,info@einsteinacademynepalgmail.com
Tamang Khark Secondary School,"Lalitpur,   Satdobato , Dhading",https://nepalschoolmela.com/tamangschool,Not found,info@tamangschool.edu.np
Bheri Technical School,"Banke,  Nepalgunj,",https://nepalschoolmela.com/bts,Not found,info@bts.edu.np
Swostishree Gurukul,"Kathmandu,   Sanobharyang",https://nepalschoolmela.com/swostishreeschool,Not found,info@swostishreegurukul.edu.np
College of Culinary and Hospitality Management,"Kathmandu,  Kathmandu,",https://nepalschoolmela.com/cchm,Not found,info@cchm.edu.np
Swati Sadan English Boarding Secondary School,"Kathmandu,   Balaju-16",https://nepalschoolmela.com/swatisadanschool,Not found,info@swatisadan.edu.np
Nightingale International Secondary School,"Lalitpur,   Kupondole",https://nepalschoolmela.com/nightingaleschool,Not found,school@nightingale.edu.np
Prime Global School,"Kathmandu,  Kathmandu,  Khusibun, Nayabazaar",https://nepalschoolmela.com/primeglobal,Not found,info@primeglobalschool.org.np
Balaju School of Engineering and Technology,"Kathmandu,",https://nepalschoolmela.com/bset,Not found,bset1962balaju@gmail.com
Suryodaya Sai Secondary School,"Lalitpur,   Imadol, Mahalaxmi",https://nepalschoolmela.com/suryodayaschool,Not found,info@suryodaya.edu.np
New Rising English Secondary school,"Kavrepalanchok,   Rayale",https://nepalschoolmela.com/nress,Not found,info@nress.edu.com
Sunrise Boarding School,"Kathmandu,   Chapali, Budhanilkantha",https://nepalschoolmela.com/sunriseschool,Not found,info@sunriseschool.edu.np
Supreme Academy Secondary School,"Bhaktapur,   Thimi",https://nepalschoolmela.com/supremeacademyschool,Not found,info@supremeschool.edu.np
Supervision English School,"Lalitpur,",https://nepalschoolmela.com/supervisionschool,Not found,info@supervisionschool.edu.np
VIDHYA VIKASH SECONDARY BOARDING SCHOOL,"Bhaktapur,   JAGATI 7",https://nepalschoolmela.com/vidyavikashschool,Not found,INFO.VIDHYAVIKASH@GMAIL.COM
Sweta Sadan English Boarding Secondary School,"Kathmandu,   Gongabu",https://nepalschoolmela.com/swetasadan,Not found,info@swetasadan.edu.np
Tarun Secondary School,"Kathmandu,  Kathmandu,  Balaju",https://nepalschoolmela.com/tarunschool,Not found,info@tarunschool.edu.np
Tarapunja Secondary School,"Kathmandu,",https://nepalschoolmela.com/tarapunjaschool,Not found,info@tarapunjaschool.edu.np
Tokha Valley English School,"Kathmandu,  Kathmandu,  Tokha",https://nepalschoolmela.com/tokhavalleyschool,Not found,info@tokhavalleyschool.edu.np
Vidhya Vikash English School,"Kathmandu,  Kathmandu,  Gothatar-2",https://nepalschoolmela.com/vidyabikash,Not found,infovidyavikash@gmail.com
Awareness International Academy,"Kathmandu,  Kathmandu,  Sankhamul",https://nepalschoolmela.com/awarenessacademy,Not found,info@awarenessacademy.edu.np
Ashirvad English Boarding School,"Kathmandu,  Kathmandu,  UpaharMarga",https://nepalschoolmela.com/ashirvadschool,Not found,ashirvadbs@gmail.com
Modern Indian School,"Kathmandu,   Chobhar",https://nepalschoolmela.com/modernindianschool,"""Admission open for classes UKG to Class IX. For further details,you are requested to contact school office from 8:00 am - 3:00 pm.""",info@misktm.edu.np
The Chandbagh School,"Kathmandu,   Bansbari",https://nepalschoolmela.com/thechandbaghschool,Not found,yogen.karki@chandbagh.edu.np
Arunodaya Academy,"Kathmandu,  Kathmandu,  Bijayaswari",https://nepalschoolmela.com/arunodayaacademy,Not found,info@arunodayaacademy.edu.np
Basu Higher Secondary School,"Bhaktapur,   Kalighat, Byasi",https://nepalschoolmela.com/basusecondaryschool,Not found,basuhschool@gmail.com
Arunima Secondary School,"Kathmandu,  Kathmandu,  Bauddha",https://nepalschoolmela.com/arunimaschool,Not found,info@arunimaschool.edu.np
Asian Public School,"Kathmandu,  Kathmandu,  Anamnagar",https://nepalschoolmela.com/asianpublicschool,Not found,info@asianpublic.edu.np
Ashish English Boarding School,"Lalitpur,  Lalitpur,  Jawalakhel",https://nepalschoolmela.com/ashishschool,Not found,info@ashishschool.edu.np
Mahendra Vidya Ashram,"Bhaktapur,   Barahi Pith",https://nepalschoolmela.com/mahendravidyaashram,Not found,info@mva.edu.np
Ashirwad Secondary School,"Kathmandu,  Kathmandu,  Samakhusi",https://nepalschoolmela.com/ashirwadschool,Not found,info@ashirwadschool.edu.np
SUNSHINE NATIONAL SCHOOL,"Bhaktapur,   Dudhpati",https://nepalschoolmela.com/sunshinenationalschool,Not found,sunshine.bkt17@gmail.com
Anmol Jyoti Secondary English Boarding School,"Kathmandu,  Kathmandu,  Maligaun-5",https://nepalschoolmela.com/anmoljyotischool,Not found,info@anmoljyotischool.edu.np
Anjuli Boarding School,"Kaski,  Pokhara,",https://nepalschoolmela.com/anjulischool,Not found,info@anjulischool.edu.np
Tribeni Sadan English Secondary School,"Kathmandu,  Kathmandu,  Tokha",https://nepalschoolmela.com/tribenisadan,Not found,info@tribenisadan.edu.np
Tej Binayak Secondary School,"Kathmandu,  Kathmandu,  Gothatar",https://nepalschoolmela.com/tejbinayakschool,Not found,info@tejbinayakschool.edu.np
Technical And Vocational School,"Kavrepalanchok,   Banepa",https://nepalschoolmela.com/technicalschool,Not found,info@technicalschool.edu.np
Baba School,"Kathmandu,   Moti Chowk, Chabahil",https://nepalschoolmela.com/babaschool,Not found,babab@mail.com.np
Third Eye Boarding School,"Kathmandu,  Kathmandu,  Gongabu",https://nepalschoolmela.com/thirdeyeschool,Not found,info@thirdeyeschool.edu.np
The Velocity School,"Kathmandu,  Kageshwari Manohara,  Mulpani",https://nepalschoolmela.com/thevelocityschool,Not found,info@thevelocityschool.edu.np
The Sunshine Secondary Boarding School,"Kathmandu,  Kathmandu,  Bijeshwori",https://nepalschoolmela.com/sunshine,Not found,info@sunshineschool.edu.np
The Spangle Boarding High School,"Kathmandu,  Kathmandu,  Kalikasthan",https://nepalschoolmela.com/spangleboardingschool,Not found,info@spangleboardingschool.edu.np
The Rising School,"Lalitpur,  Lalitpur,  Tikhedewal",https://nepalschoolmela.com/risingschool,Not found,info@risingschool.edu.np
Kathmandu Valley Higher Secondary School,"Kathmandu,   Maharajgunj, Chakrapath",https://nepalschoolmela.com/kathmanduvalleyschool,Not found,info@kvhss.edu.np
The Excelsior School,"Kathmandu,  Kathmandu,  Swoyambhu",https://nepalschoolmela.com/theexcelsiorschool,Not found,theexcelsiorschool@gmail.com
RUPY'S INTERNATIONAL SCHOOL,"Kathmandu,   Baphal",https://nepalschoolmela.com/rupysschool,Not found,info@rupys.edu.np
The Dream School,"Kaski,  Pokhara,  Nirmalpokhari-23",https://nepalschoolmela.com/thedreamschool,Not found,info@thedreamschool.edu.np
The Celebration Co-ed School,"Kathmandu,  Kageshwari Manohara,  Gothatar",https://nepalschoolmela.com/celebrationschool,Not found,celebrationjorpati@gmail.com
Tilingatar Secondary School,"Kathmandu,  Kathmandu,  Dhapasi",https://nepalschoolmela.com/thss,Not found,info@thss.edu.np
Laligurans Batika Secondary School,"Kathmandu,   Narephant, Koteshwor",https://nepalschoolmela.com/laliguransbatikaschool,Not found,laliguransbatika2072@gmail.com
Toddler`s International Pre School,"Kathmandu,  Kathmandu,  Boudha",https://nepalschoolmela.com/toddlerspreschool,Not found,info@toddlerinternationalschool.edu.np
Timeline School,"Kathmandu,  Kathmandu,  Gokarneshwar",https://nepalschoolmela.com/timelineschool,Not found,info@timelineschool.edu.np
Budhanilkantha School,"Kathmandu,   Budhanilkantha",https://nepalschoolmela.com/budhanilkantaschool,Not found,info@bnks.edu.np
Araniko Higher Secondary School,"Bhaktapur,  Bhaktapur,  Gamcha",https://nepalschoolmela.com/arnikoschool,Not found,info@arnikoschool.edu.np
Araniko International Academy,"Lalitpur,  Lalitpur,  Talchikhel",https://nepalschoolmela.com/aranikoacademy,Not found,Info@aranikointernationalacademy.edu.np
Apollo International Academy,"Kathmandu,  Kathmandu,  Subidhanagar",https://nepalschoolmela.com/apolloacademy,Not found,info@apolloacademy.edu.np
Alpine Academy,"Kathmandu,   Kageshwori-4, Kathmandu",https://nepalschoolmela.com/alpineacademy,Not found,alpineacademy@outlook.com
Annapurna English Secondary School,"Kathmandu,  Kathmandu,  Gairi Gaun",https://nepalschoolmela.com/annapurnaenglishschool,Not found,info@annapurnaenglishschool.edu.np
Annal Jyoti Boarding School,"Lalitpur,  Lalitpur,  Dholahiti-8",https://nepalschoolmela.com/annaljyotischool,"Annal Jyoti Boarding School Dholahiti, Sunakothi, Lalitpur Kathmandu, Nepal Phone:977-1-5230485 Email: annaljyoti16@gmail.com, info@ajschool.org",annaljyotia@mail.com
Angel Montessori And Pre School,"Kathmandu,  Kathmandu,  Dhapasi",https://nepalschoolmela.com/angelmontessorischool,Not found,info@angelmontessorischool.edu.np
Ajaya Shikshya Sadan,"Lalitpur,   Thasikhel",https://nepalschoolmela.com/ajayaschool,Not found,info@ajaya.edu.np
Angel Lord Academy High School,"Kathmandu,  Kathmandu,  Himali Marga",https://nepalschoolmela.com/angellolardacademy,Not found,info@angelloadacademy.edu.np
Akala Secondary School,"Gorkha,  Gorkha Municipality,  Ratmate",https://nepalschoolmela.com/akalaschool,Not found,info@akalaschool.edu.np
Adarsha Yogahari Secondary School,"Kathmandu,  Kathmandu,  Lainchour",https://nepalschoolmela.com/adarshayogaharischool,Not found,info@adarshayogahari.edu.np
Traibidya Shikchhya Sadan,"Kathmandu,  Kathmandu,  Shankhamul",https://nepalschoolmela.com/traibidya,Not found,traibidya@gmail.com
Adwitiya Boarding High School,"Kathmandu,   Balaju, Kharibot,",https://nepalschoolmela.com/adwitiyaschool,Not found,adwitiyaschool2041@gmail.com
Tri-Padma Vidyashram Higher Secondary School,"Lalitpur,  Lalitpur,  Pulchowk",https://nepalschoolmela.com/tripadmaschool,Not found,schooltripadma@gmail.com
Adarsha Saula Yubak Secondary School,"Lalitpur,  Lalitpur,  Metropolitan-City-25 Sainbu",https://nepalschoolmela.com/adarshasaulaschool,Not found,info@adarshacollege.edu.np
Trilok Children`s Academy School,"Kathmandu,  Kathmandu,  Balaju",https://nepalschoolmela.com/Trilokschool,Not found,info@trilokschool.edu.np
Adarsha Kanya Niketan Secondary School,"Lalitpur,   Mangal Bazar",https://nepalschoolmela.com/adarshakanyaschool,Not found,info@adarshakanyaschool.edu.np
Trilochan Academy,"Lalitpur,  Lalitpur,  Tikhedewal",https://nepalschoolmela.com/trilochanacademy,Not found,infoa@trilochanacademy.edu.np
Shree Tribhuvan Shanti High School,"Kaski,  Pokhara,  Lekhnath",https://nepalschoolmela.com/shreetribhuvanshantihighschool,Not found,info@shreetribhuvanschool.edu.np
Annapurna Secondary School,"Kathmandu,  Kathmandu,  Kamalachi",https://nepalschoolmela.com/annapurnaschool,Not found,info@annapurnaschool.edu.np
Children Garden Academy,"Lalitpur,  Lalitpur,  Imadol",https://nepalschoolmela.com/childrengardenschool,Not found,info@childrengarden.edu.np
Ideal Model Secondary School,"Lalitpur,   Jhamsikhel",https://nepalschoolmela.com/idealmodelschool,Not found,ims@idealmodel.edu.np
Akashganga International Academy,"Kathmandu,  Kathmandu,  kumarigal",https://nepalschoolmela.com/akashgangaacademy,Not found,info@akashgangaintl.edu.np
Toran English Secondary School,"Lalitpur,  Lalitpur,  Bagdol",https://nepalschoolmela.com/toranschool,Not found,info@toranschool.edu.npa
WITS ACADEMY,"Kathmandu,   Boudha-06",https://nepalschoolmela.com/witsacademy,Not found,info@wits.edu.np
Angle Academy School,"Kathmandu,  Kathmandu,  Dhapa-5",https://nepalschoolmela.com/angleacademy,Not found,info@angleacademy.edu.np
Amar Shishu School,"Lalitpur,  Lalitpur,  Kupondole",https://nepalschoolmela.com/amarshishuschool,Not found,info@amarshishuschool.edu.np
Ambrosia Ideal Secondary School,"Kathmandu,  Kathmandu,  Satungal",https://nepalschoolmela.com/aisschool,Not found,info@aischool.edu.np
Adhyayan School,"Kathmandu,  Kathmandu,  Samakhusi Chowk, Tokha – 10",https://nepalschoolmela.com/adhyayanschool,Not found,info@adhyayan.edu.np
Alpha Boarding School,"Kathmandu,  Kathmandu,  Lamachaur",https://nepalschoolmela.com/alphaschool,Not found,info@alphaschool.edu.np
Advanced Academy,"Lalitpur,  Lalitpur,  Kupandole",https://nepalschoolmela.com/advancedacademy,Not found,info@advancedacademy.edu.np
Active Academy Boarding High School,"Kathmandu,  Kathmandu,  Basundhara",https://nepalschoolmela.com/activeacademyschool,Not found,info@activeacademy.edu.np
Abhiyan Public School,"Kathmandu,  Kathmandu,  Balaju",https://nepalschoolmela.com/abhiyanschool,Not found,info@abhiyanschool.edu.np
Tri-Jyoti Secondary School,"Kathmandu,  Kathmandu,  Kapan",https://nepalschoolmela.com/trijyotischool,Not found,trijyotischool@gmail.com
THE WORLD YOUTH INTERNATIONAL SCHOOL,"Kathmandu,   Gokarneshwor-4",https://nepalschoolmela.com/worldyouthschool,Not found,wyischool@gmail.com
Trust N Care Montessori School,"Kathmandu,  Kathmandu,  Nagarjun",https://nepalschoolmela.com/trustncaremontessori,Not found,info@trustncareschool.edu.np
Trungram International Academy,"Kathmandu,  Kathmandu,  Hattigauda",https://nepalschoolmela.com/trungramacademy,Not found,trungramacademy@gmail.com
White Heaven Academy School,"Kathmandu,   Mitranagar",https://nepalschoolmela.com/whiteheavenacademy,Not found,whiteheaven@gmail.com
Vinayak College of Health Science,"Kathmandu,   Gaushala, Battisputali,",https://nepalschoolmela.com/vinayakcollegeofhealthscience,Not found,info@vnc.edu.np
Triyog High School,"Kathmandu,  Kathmandu,  Dhapasi",https://nepalschoolmela.com/triyogschool,Not found,info@triyog.edu.np
Triveni Public School,"Kathmandu,  Kathmandu,",https://nepalschoolmela.com/trivenischool,Not found,info@trivenischool.edu.np
Vajra Academy,"Lalitpur,  Lalitpur,  Godawari-13, Vajrabarahi",https://nepalschoolmela.com/vajraacademy,Not found,info@vajraacademy.org
Adarshraj Memorial English Secondary School,"Surkhet,   Latikoili",https://nepalschoolmela.com/adarshrajmemorialschool,Not found,surkhetadarshschool@yahoo.com
Unique Academy Secondary School,"Lalitpur,  Lalitpur,  Kumaripati",https://nepalschoolmela.com/uniqueschool,Not found,info@uniqueschool.edu.np
Delhi Public School,"Bara,   Lipnimal, Bara-44300",https://nepalschoolmela.com/delhipublicschool,Not found,dpsbirgunj@cgeducation.com.np
RAI School,"Kathmandu,   Naxal ( Near Balmandir Compound )",https://nepalschoolmela.com/raischool,"Due to COVID-19 situation, we are not having entrance exams for any of the classes. For admission in Class 1-9, simply fill and submit the admission form with copies of previous mark sheets and any other certificates of the student. This will be followed by an interview and an orientation session welcoming the child to the school. For admission in class XI, a student must have passed/appeared for CBSE/ SEE or equivalent from a recognized institution/ board. The student should have scored 60% and above to be eligible for admission. If the results have not been declared, we provide provisional admission. To book a visit for a school tour, contact 9801966967.",raischoolktm@gmail.com
Rato Bangala School,"Lalitpur,   PATANDHOKA",https://nepalschoolmela.com/ratobangalaschool,Not found,info@ratobangala.edu.np
United School Satdobato,"Lalitpur,  Lalitpur,  Satdobato",https://nepalschoolmela.com/unitedschool,Not found,info@unitedschool.edu.np
Shikshantar school,"Kathmandu,   Airport road Sinamgal",https://nepalschoolmela.com/shikshantarschool,Not found,school@shikshantarschool.edu.np
KENDRIYA VIDYALAYA,"Kathmandu,   Lazimpat",https://nepalschoolmela.com/kendriyavidyalaya,Not found,principalkvkathmandu@gmail.com
Valley View English School,"Kathmandu,  Kathmandu,  Mid-Baneshwor",https://nepalschoolmela.com/valleyview,Not found,info@valleyview.com.np
Valley Public Secondary School,"Kathmandu,  Kathmandu,  Golfutar",https://nepalschoolmela.com/valleypublicsecondaryschool,Not found,info@valleypublicsecschool.edu.np
KATHMANDU INTERNATIONAL STUDY CENTRE,"Kathmandu,   Jawalakhel, Patan",https://nepalschoolmela.com/kathmanduinternational,Not found,info@kisc.edu.np
Birat Boarding School,"Kathmandu,   Sankhamool, New Baneshwor",https://nepalschoolmela.com/bbs,Not found,biratboardingschool@gmail.com
Uttar Bahini Boarding School,"Kathmandu,  Kathmandu,",https://nepalschoolmela.com/uttarbahinischool,Not found,info@uttarbahinischool.edu.np
Amar Kanti Secondary School,"Lalitpur,  Lalitpur,",https://nepalschoolmela.com/amarkantischool,Not found,info@amarkantischool.edu.np
Universal Higher Secondary School,"Kathmandu,  Kathmandu,  Dhumbarahi",https://nepalschoolmela.com/universalsecondaryschool,Not found,info@uss.edu.np
The British School,"Lalitpur,   Jhamsikhel",https://nepalschoolmela.com/tbs,Not found,info@tbs.edu.np
Wits Academy School,"Kathmandu,  Kathmandu,  Boudha, Bhuwaldanda",https://nepalschoolmela.com/wits,Not found,info@witsacdemy.edu.np
Ananda Bhumi Secondary School,"Kathmandu,   Maitidevi",https://nepalschoolmela.com/anandabhumi,Not found,info@anandabhumi.edu.np
Suryodaya Jyoti Secondary Boarding School,"Kathmandu,   Maitidevi",https://nepalschoolmela.com/suryodayajyoti,Not found,info@suryodayajyoti.edu.np
Tulasi Mehar Memorial English Awasiya Secondary School,"Makwanpur,   Hetauda, Makwanpur",https://nepalschoolmela.com/tilasimehar,Not found,info@tulasimehar.edu.np
Diamond Public Academy,"Kanchanpur,   Gaddachauki, Kanchanpur",https://nepalschoolmela.com/diamondacademy,Not found,info@diamondacademy.edu.np
Mt. Manaslu Secondary School,"Sunsari,   Duhabi-04",https://nepalschoolmela.com/mountmanaslu,Not found,info@mountmanslu.edu.np
Star Secondary Boarding School,"Morang,   Biratnagar 03 (Puspalal Chowk)",https://nepalschoolmela.com/starsecondary,Not found,info@star.edu.np
DAWN CHILDREN'S ENGLISH HIGH SCHOOL,"Rupandehi,   wn Village, Rupandehi",https://nepalschoolmela.com/dawncehs,Not found,dawncehs@gmail.com
Prisma School,"Kathmandu,  Nagarjun,  Kalanki",https://nepalschoolmela.com/prisma,Not found,prisma.gautam.244@gmail.com
Mount View English Boarding School,"Bhaktapur,   Anantalingeshwar, Balkot",https://nepalschoolmela.com/mountview,Not found,mountviewebschool@gmail.com
PREMIER INTERNATIONAL IB WORLD SCHOOL,"Lalitpur,   Khumaltar Height",https://nepalschoolmela.com/premierschool,Not found,info@premier.edu.np
"Pashupati Secondary School, Nepalgunj","Banke,   anjha, Nepalgunj",https://nepalschoolmela.com/pashupatischool,Not found,pashupatischoolnpj@gmail.com
Moonlight  Secondary  School,"Lalitpur,   Kumaripati",https://nepalschoolmela.com/moonlight,Not found,info@molihss.edu.np
Mount Glory English Boarding High School,"Kathmandu,   Chagal,Tahachal",https://nepalschoolmela.com/mountglory,Not found,mntglory@gmail.com
Kanchan Secondary English School,"Lalitpur,",https://nepalschoolmela.com/kanchansecondaryschool,Not found,kanchan_mavi@yahoo.com
River Valley English Secondary School,"Palpa,   Tansen",https://nepalschoolmela.com/rivervlley,Not found,info@rivervalleypalpa.edu.np
Sunsari St Xavier's Secondary boarding school,"Sunsari,",https://nepalschoolmela.com/sunsaristxaviers,Not found,info@stxaviers.edu.np
Saraswati Secondary School,"Siraha,  Siraha Municipality,  Golbazar, Tetariya",https://nepalschoolmela.com/saraswatimodelschool,Not found,info@smss.edu.np
Evergreen Secondary Boarding School,"Rautahat,",https://nepalschoolmela.com/evergreenschool,Not found,info@egschool.edu.np
Beacon English Secondary School,"Parsa,   Bhagawati Tole",https://nepalschoolmela.com/beaconschool,Not found,info@beaconschool.edu.np
Kamal Devi Secondary English Boarding School,"Chitwan,",https://nepalschoolmela.com/kamaldevischool,Not found,skdebs2038@gmail.com
Gothatar English Secondary School,"Kathmandu,   Kageshwori Manahara 8, Gothatar",https://nepalschoolmela.com/gothatarenglishschool,Not found,info@gess.edu.np
Namo Buddha Secondary School,"Kathmandu,   Shankhupatichaur -7,Etay Panauti Village",https://nepalschoolmela.com/namobuddha,Not found,info@namobuddhaschool.edu.np
Eden Bridge Academy,"Kathmandu,   Dhapasi Height-3",https://nepalschoolmela.com/edenbridgeacademy,Not found,info@edenbridge.edu.np
Little Bud English Medium Secondary School,"Kathmandu,   Gokarneshwor-08",https://nepalschoolmela.com/littlebud,Not found,info@littlebudschool.edu.np
Ujjwal Shishu Niketan Academ,"Kathmandu,   Kirtipur",https://nepalschoolmela.com/ujjwalschool,Not found,info@ujjwal.edu.np
Cambridge International Boarding Secondary School,"Kathmandu,   Kalanki Chowk- 14",https://nepalschoolmela.com/cambridgeschool,Not found,info@cambridgecollegekalanki.edu.np
Munal Academy,"Dhading,   Gajuri-1",https://nepalschoolmela.com/munalacademy,Not found,info@munalacademy.edu.np
Kalinchwok Secondary School,"Dolakha,   Charikot",https://nepalschoolmela.com/kalinchowkschool,Not found,info@kmv.edu.np
Greenland Secondary School,"Sindhupalchowk,   balephi 8 lamosanghu",https://nepalschoolmela.com/gss,Not found,greenlandschool2060@gmail.com
Manasalu Public Secondary School,"Kathmandu,   Nayabazaar",https://nepalschoolmela.com/manasluschool,Not found,info@mphss.edu.np
Kopila English Secondary School,"Kathmandu,",https://nepalschoolmela.com/kopilaschool,Not found,info@kopilaschool.edu.np
Kaligandaki Academy ( Sec. English  B. School,"Parbat,",https://nepalschoolmela.com/kaligandaki,Not found,basantakga@yahoo.com
Nilgiri Boarding School,"Kaski,   पोखरा उप म.न.पा.-४,कास्की,गण्डकी",https://nepalschoolmela.com/nilgiri,Not found,nilgiri2045@gmail.com
Land Star English School,"Lamjung,",https://nepalschoolmela.com/landstar,Not found,ghimiretaranath1@gmail.com
Pragati Boarding School,"Kaski,",https://nepalschoolmela.com/pragatiboarding,Not found,info@pragati.edu.np
Mukundasen Sec. School,"Nawalpur,",https://nepalschoolmela.com/rajgangaschool,Not found,rajganga312@gmail.com
Araniko English Medeum School,"Bardiya,",https://nepalschoolmela.com/aranikoenglish,Not found,aranikoenglish@gmail.com
Butwal Public School,"Rupandehi,",https://nepalschoolmela.com/butwalpublicschool,Not found,butwalpublicschool@hotmail.com
Daunnedevi  English School,"Parasi,",https://nepalschoolmela.com/daunnedevi,Not found,suvarna.daai@gmail.com
Rampur English Boarding School,"Palpa,",https://nepalschoolmela.com/rampurenglish,Not found,suryaghimire.rebhss@yahoo.com
Namaste Lines E.B.S.,"Kapilvastu,",https://nepalschoolmela.com/namastelines,Not found,bhusalnarendra123@gmail.com
Gyan Jyoti E.B.S.,"Parasi,",https://nepalschoolmela.com/gyanjyotiEBS,Not found,gyanjyoti@gmail.com
Arghakhanchi Secondary Boarding School,"Arghakhanchi,",https://nepalschoolmela.com/arghakanchi,Not found,Arghakanchi@gmail.com
Little Angel School,"Dang,",https://nepalschoolmela.com/littleangel,Not found,yadabg@gmail.com
PashupatiVidhyashram,"Dang,",https://nepalschoolmela.com/pashupatividhyashram,Not found,keshavthapa542@gmail.com
Gyan Jyoti E.B.S.,"Kapilvastu,",https://nepalschoolmela.com/gyanjyotikapilbastu,Not found,sksarojrd@gmail.com
Future Light English School,"Nawalparasi,",https://nepalschoolmela.com/futurelight,Not found,nawalparasi.pabson@gmail.com
"Deep  Boarding High School, Butwal","Rupandehi,",https://nepalschoolmela.com/deepboardinghigh,Not found,butwaldeep@gmail.com
Bal Jyoti English School,"Kapilvastu,",https://nepalschoolmela.com/baljyotienglishschool,Not found,baljyoti@gmail.com
Kanika Nisa Higher Secondary School,"Jumla,",https://nepalschoolmela.com/kanikanisahigher,Not found,kanikanisha037@gmail.com
"M.S, Academy","Salyan,",https://nepalschoolmela.com/M.S.academy,Not found,devkotasalyan@gmail.com
Adarsharaj  Memoreal School,"Surkhet,",https://nepalschoolmela.com/adarsharaj,Not found,kalpana_karki30@yahoo.com
Lohore English Boarding School,"Dailekh,",https://nepalschoolmela.com/lohoreenglish,Not found,madanpanday370@gmail.com
Milan English School,"Kailali,",https://nepalschoolmela.com/Milanenglishschool,Not found,sitarambudathoki12@gmail.com
Western Crystal Academy,"Kailali,",https://nepalschoolmela.com/westerncrystalacademy,Not found,westerncrystal@gmail.com
Bhanu Memoreal English B. School,"Kailali,",https://nepalschoolmela.com/bhanumemorial,Not found,bhanu@gmail.com
Seedling Zone School,"Kailali,",https://nepalschoolmela.com/seedingzone,Not found,hariregmi08@gmail.com
Holy Family School,"Kanchanpur,",https://nepalschoolmela.com/holyfamily,Not found,sing_bubble@yahoo.com
Sharada Vidhya Niketan,"Kailali,",https://nepalschoolmela.com/sharadavidhya,Not found,sharada77@gmail.com
Gurukul Academy,"Kailali,",https://nepalschoolmela.com/gurukulacademy,Not found,gurukul@yahoo.com
Hill Bird English Boarding School,"Kailali,",https://nepalschoolmela.com/hillbirdenglish,Not found,sharmarumi1@gmail.com
West Point Boarding School,"Kanchanpur,",https://nepalschoolmela.com/westpointboarding,Not found,westpoint@gmail.com
Suryodayajyoti Secondary School,"Kathmandu,",https://nepalschoolmela.com/suryadoyajyoti,Not found,suryodaya@gmail.com
Global Collegiate School,"Kaski,",https://nepalschoolmela.com/collagecollegiate,Not found,baburam2049@gmail.com
Nawalpur Sec. School,"Nawalpur,",https://nepalschoolmela.com/nawalpursecschool,Not found,nawalpursecschool@gmail.com
NK Singh Memoreal Secondary (EPS) School,"Kathmandu,",https://nepalschoolmela.com/nksingh123,Not found,pramila100@gmail.com
Pushpasadan Boarding High  School,"Kathmandu,",https://nepalschoolmela.com/pushpasadan123,Not found,psadan@wlink.com.np
Batsyaan Secondary School,"Dang,",https://nepalschoolmela.com/pushpasadanboarding,Not found,saritadevkota7@gmail.com
Siddhartha Vidhya Mandir,"Kapilvastu,",https://nepalschoolmela.com/siddharthavidya,Not found,gunakhar427@gmail.com
Adarsha Secondary Boarding School,"Morang,",https://nepalschoolmela.com/adarshasec123,Not found,adarshasec@gmail.com
Bal Kiran Eng. Sec. School,"Panchthar,",https://nepalschoolmela.com/balkiran123,Not found,balkiran@gmail.com
Peaceland National Academy,"Ilam,",https://nepalschoolmela.com/peaceland123,Not found,ybashistha@gmail.com
Dev Ideal Eng. Boarding School,"Siraha,",https://nepalschoolmela.com/devidealeng,Not found,murarilhn@gmail.com
Greenland High School,"Kathmandu,",https://nepalschoolmela.com/greenlandhigh,Not found,thakin1967@gmail.com
Bright Future Secondary Boarding School,"Tanahun,",https://nepalschoolmela.com/brightfuture123,Not found,brightfuture@gmail.com
Sayapatri English School,"Parasi,",https://nepalschoolmela.com/sayapatri123,Not found,sayapatri.hses@gmail.com
Siddhapaila  Eng. Medium Sec. School,"Surkhet,",https://nepalschoolmela.com/siddhapailaeng,Not found,nain_khatri@yahoo.com
Global Academy,"Kanchanpur,",https://nepalschoolmela.com/globalacademy,Not found,srojha777@gmail.com
Gladstone Academy Thimi,"Bhaktapur,   Mill road, Thim",https://nepalschoolmela.com/gladstoneschool,Not found,nawarajkhadka222@gmail.com
DAV Sushil Kedia Vishwa Bharati,"Lalitpur,   Jawalakhel",https://nepalschoolmela.com/dskvb,Not found,info@dav.edu.np
SANSKRITI INTERNATIONAL SCHOOL,"Kathmandu,   Thulobharyang, Halchowk, Swayambhu",https://nepalschoolmela.com/sanskritischool,Not found,info@sanskritischool.edu.np
Brihaspati Vidyasadan School,"Kathmandu,   Brihaspati Vidyasadan Naxal",https://nepalschoolmela.com/bvs,Not found,info@bvs.edu.np
Nisarga Batika School,"Kathmandu,   Rabibhawan",https://nepalschoolmela.com/nisargaschool,Not found,mail@nisarga.edu.np
Genius IB World School,"Lalitpur,   Mahalaxmi Municipality Lubhu – 8",https://nepalschoolmela.com/geniusschool,Not found,info@geniusschool.edu.np
Him Rashmi High School,"Kathmandu,   Tarakeshwor-9,",https://nepalschoolmela.com/himrashmischool,Not found,himrashmischool7@gmail.com
Venus Public School,"Kathmandu,   Gokarneshwor-8, Jorpati",https://nepalschoolmela.com/venusschool,Not found,info@venus.edu.np
"Nava Arunima Secondary School, Arubari","Kathmandu,   Arubari",https://nepalschoolmela.com/navataraschool,Not found,nava@arunima.edu.np
East Pole Secondary School,"Kathmandu,   Jorpati, Gokarneshwor - 0",https://nepalschoolmela.com/eastpoleschool,Not found,info@eastpoleschool.edu.np
Shankar National English Secondary School,"Bhaktapur,   Suryabinayak-04/Dadhikot",https://nepalschoolmela.com/shankarschool,Not found,info@shankar.edu.np
Padmodaya Secondary School,"Kavrepalanchok,   Ramshah Path, Pradarsani Marga",https://nepalschoolmela.com/padmodayaschool,Not found,padmodaya.hss@gmail.com
Cosmic International Academy,"Kathmandu,   Koteshwor, near Bhatbhateni",https://nepalschoolmela.com/cosmicschool,Not found,info@cosmicacademy.edu.np
Navodit School,"Kathmandu,   Kapurdhara, Samakhusi",https://nepalschoolmela.com/navoditschool,Not found,info@navodit.edu.np
KASKI MODERNIZED ACADEMY,"Kaski,   B.P. Marga, Chauthe, 14-Pokhara",https://nepalschoolmela.com/kaskimodernize,Not found,contact@kaskimodernize.edu.np
Elixir Academy,"Kathmandu,   Kharibot, Kumariga",https://nepalschoolmela.com/elixiracademy,Not found,info@elixir.edu.np
Jubilant Secondary School,"Kathmandu,",https://nepalschoolmela.com/jubilantschool,Not found,info@jubilantcollege.edu.np
Advance International Model Secondary School,"Lalitpur,",https://nepalschoolmela.com/advanceschool,Not found,academyaims@gmail.com
Bidhya Sagar English Boarding School,"Kathmandu,",https://nepalschoolmela.com/bidhyaschool,Not found,bidhyasagarebs@gmail.com
Durbar High School,"Kathmandu,   Ranipokhari, Kathmandu",https://nepalschoolmela.com/durbarschool,Not found,bhanumavi.durbarhighschool@gmail.com
Maitri School,"Kathmandu,",https://nepalschoolmela.com/maitrischool,Not found,schoolmaitri@gmail.com
Viswa Niketan Secondary School,"Kathmandu,   Tripureshwar",https://nepalschoolmela.com/viswaniketan,Not found,fo@vishwaniketan.edu.np
Gurukul Academy,"Dang,  Ghorahi,  Ghorahi-15, Ratanpur",https://nepalschoolmela.com/gurukuldang,Not found,gurukuldang@gmail.com
Kantipur Academy Higher Secondary School,"Kathmandu,   Gokarneswor-6",https://nepalschoolmela.com/kantipuracademy,Not found,kantipuracademyhs@gmail.com
Imperial World School,"Kathmandu,   Hattigauda, Budhanilkantha",https://nepalschoolmela.com/imparialschool,Not found,info@iwschool.edu.np
Rose Bud school,"Kathmandu,   Biuddha Nagar10",https://nepalschoolmela.com/rosebudschool,Not found,info@rosebudschoolnepal.org
Ullens School,"Lalitpur,   Khumaltar",https://nepalschoolmela.com/ullenusschool,Not found,Info@Ullens.edu.np
Rajarsi Gurukul school,"Bhaktapur,   Sallaghari",https://nepalschoolmela.com/rajarsigurukul,Not found,contact@rajarshigurukul.edu.np
Green Tara School,"Kathmandu,   Aarubari-08, Gokarneshwor",https://nepalschoolmela.com/greentara,Not found,info@greentara.edu.np
Bhirkuti Secondary School,"Dang,   Pasang Lamu Road",https://nepalschoolmela.com/bhirkutischool,Not found,info@bhirkutischool.edu.np
Clinton secondary School,"Kathmandu,   Chabahil",https://nepalschoolmela.com/clintonschool,Not found,info@clintonschool.edu.np
Pioneer Public School,"Kathmandu,   Kapan,Budhanilkantha-12",https://nepalschoolmela.com/pioneerschool,Not found,info@pioneerpublic.edu.np
Christian Community School,"Kathmandu,   Mulapani",https://nepalschoolmela.com/christianschool,Not found,tpugh@iamacolt.com
Aakash Ganga school,"Kathmandu,   Kumarigal-7",https://nepalschoolmela.com/aakashganga,Not found,info@agia.edu.np
Pearls Academy,"Kathmandu,   Nayabasti, Kathmandu, Nepal",https://nepalschoolmela.com/pearlsacademy,Not found,pearlsenglishacademy@gmail.com
Gokarneswor Light Academy,"Kathmandu,   Gokarneshwor-4",https://nepalschoolmela.com/gokarnesworacademy,Not found,info@gla.edu.np
Genious English Boarding School,"Kathmandu,   Sundarijal",https://nepalschoolmela.com/geniousschool,Not found,gebsschool@gmail.com
Aakash Deep English Secondary School,"Kathmandu,  Kathmandu,  Gokarneshwor-7,Dakshin Dhoka",https://nepalschoolmela.com/aakashdeep,Not found,collegeaakashdeep@gmail.com
Panchpokhari Model Secondary School,"Kathmandu,  Kathmandu,  Makalbari",https://nepalschoolmela.com/pancgpokhari,Not found,panchpokhari18@gmail.com
Everest Innovative School/ College,"Kathmandu,   Soalteemode, Kalimati",https://nepalschoolmela.com/everestinnovative,Not found,everestic1@gmail.com
Vidhya Sanskar Secondary School,"Kathmandu,   New Baneshwor and Jorpati",https://nepalschoolmela.com/vidhyasanskar,Not found,info@vidhyasanskar.edu.np
Knowledge & Wisdom Academy Secondary School,"Kathmandu,   New Baneshwor",https://nepalschoolmela.com/knowledgeacademy,Not found,info@kandk.edu.np
Gyanodaya Secondary School,"Kathmandu,  Kathmandu,  Purano Kalimati, Bafal",https://nepalschoolmela.com/gyanodayaschool,Not found,info@gyanodayanepal.edu.np
Api School,"Kathmandu,  Kathmandu,  Dhapasi Height",https://nepalschoolmela.com/apischool,Not found,api2069@gmail.com
Namaste Academy,"Rupandehi,   Butwal",https://nepalschoolmela.com/namasteacademy,Not found,info@namasteacademy.edu.np
Lumbini World School,"Rupandehi,   Madhawaliya, Tilottama-13",https://nepalschoolmela.com/lumbinischool,Not found,info@lumbiniworldschool.edu.np
Bluebird Secondary School,"Lalitpur,   Talchhikhel",https://nepalschoolmela.com/bluebirdschool,Not found,bluebirdsecondaryschool@gmail.com
Uniglobe Secondary School,"Kathmandu,  Kathmandu,  Kamaladi",https://nepalschoolmela.com/uniglobeschool,Not found,info@uniglobecollege.edu.np
UNIVERSAL College,"Kathmandu,  Kathmandu,  Maitidevi",https://nepalschoolmela.com/universalcollege,Not found,info@uc.edu.np
Aadim National College,"Kathmandu,  Kathmandu,  Chuchchepati",https://nepalschoolmela.com/aadimcollege,Not found,contact@aadiminnovation.com
ANGELS' HEART SECONDARY SCHOOL,"Kathmandu,  Kathmandu,  Tarkeshwor - 10, Manamaiju,",https://nepalschoolmela.com/angelsschool,Not found,schoolangelsheart@gmail.com
Bhanubhakta Memorial Hss,"Kathmandu,  Kathmandu,  Bhanubhakta Memorial Marg, Panipokhari",https://nepalschoolmela.com/bhanubhaktaschool,Not found,bhanunhakta@gmail.com
Bridgewater International School,"Kathmandu,  Kathmandu,  Sinamangal",https://nepalschoolmela.com/bridgewaterschool,Not found,info@bridgewater.com.np
Canvas International Secondary School,"Kathmandu,  Kathmandu,  Basundhara",https://nepalschoolmela.com/convasschool,Not found,info@canvascollege.edu.np
Kathmandu College of Central State,"Kathmandu,  Kathmandu,  Soalteemode, Kalimati",https://nepalschoolmela.com/kathmanducollege,Not found,info@kccs.edu.np
Everest Florida high school,"Kathmandu,  Kathmandu,  New Baneshwor",https://nepalschoolmela.com/everestfloridaschool,Not found,info@everestflorida.edu.np
Nepal Kasthamandap Secondary School,"Kathmandu,  Kathmandu,  Kalanki",https://nepalschoolmela.com/nepalkasthamandapschool,Not found,kasthamandapcollege@gmail.com
Nepal Mega School,"Kathmandu,  Kathmandu,  Anamnagar",https://nepalschoolmela.com/nepalmegaschool,Not found,nepalmegaschool@gmail.com
Nepalaya School,"Kathmandu,  Kathmandu,  Kalanki",https://nepalschoolmela.com/nepalayaschool,Not found,info@nepalaya.edu.np
Pentagon International Secondhoary School,"Kathmandu,  Kathmandu,  Raja Janak Marg",https://nepalschoolmela.com/pentagonschool,Not found,info@pentagonintl.com
Olympia World Secondary School,"Kathmandu,  Kathmandu,  Babarmahal",https://nepalschoolmela.com/olympiaworldschool,Not found,admissions@olympia.edu.np
The New Summit School,"Kathmandu,  Kathmandu,  Maitidevi -33",https://nepalschoolmela.com/newsummitschool,Not found,newsummitschool@outlook.com
Nava Jeewan Secondary School,"Kathmandu,  Kathmandu,  Samakhusi Chowk",https://nepalschoolmela.com/navajiwanschool,Not found,info@njhs.edu.np
Graded English Medium School,"Lalitpur,  Lalitpur,  Dhapakhel",https://nepalschoolmela.com/Gradedenglishmedium,Not found,gemsschool@gmail.com
